Race,Runner,Lay Place Odds,Place Terms
Wolverhampton 18:30,Gallant Flame,3.60,4 places
Wolverhampton 18:30,Rogue Horizon,4.10,4 places
Wolverhampton 18:30,Obsidian Star,4.50,4 places
Wolverhampton 18:30,Silent Hunter,4.90,4 places
Wolverhampton 18:30,Iron Mirage,5.30,4 places
Wolverhampton 18:30,Electric Dagger,6.00,4 places
Wolverhampton 18:30,Thunder Banner,6.50,4 places
Wolverhampton 18:30,Royal Venture,7.00,4 places
Wolverhampton 18:30,Twilight Charge,7.50,4 places
Wolverhampton 18:30,Velvet Hammer,8.00,4 places
Wolverhampton 18:30,Noble Horizon,8.50,4 places
Wolverhampton 18:30,Dark Tempest,9.00,4 places
Wolverhampton 18:30,Whirlwind Echo,9.50,4 places
Wolverhampton 18:30,Frozen Patriot,10.00,4 places
Wolverhampton 18:30,Silver Tide,3.10,4 places
Wolverhampton 18:30,Storm Ruler,2.80,4 places
Wolverhampton 18:30,Midnight Rush,10.50,4 places
Wolverhampton 18:30,Amber Glint,2.20,4 places
Wolverhampton 18:30,Crimson Blade,2.40,4 places
Wolverhampton 18:30,Phantom Gale,3.50,4 places
