Race,Runner,Back Odds,EW Terms
Wolverhampton 18:30,Gallant Flame,14.57,1/5 5 places
Wolverhampton 18:30,Silver Tide,9.66,1/5 5 places
Wolverhampton 18:30,Storm Ruler,8.19,1/5 5 places
Wolverhampton 18:30,Electric Dagger,23.75,1/5 5 places
Wolverhampton 18:30,Midnight Rush,39.18,1/5 5 places
Wolverhampton 18:30,Royal Venture,27.57,1/5 5 places
Wolverhampton 18:30,Dark Tempest,33.96,1/5 5 places
Wolverhampton 18:30,Crimson Blade,4.27,1/5 5 places
Wolverhampton 18:30,Whirlwind Echo,34.12,1/5 5 places
Wolverhampton 18:30,Thunder Banner,24.46,1/5 5 places
Wolverhampton 18:30,Noble Horizon,31.91,1/5 5 places
Wolverhampton 18:30,Obsidian Star,16.2,1/5 5 places
Wolverhampton 18:30,Velvet Hammer,28.88,1/5 5 places
Wolverhampton 18:30,Iron Mirage,19.59,1/5 5 places
Wolverhampton 18:30,Silent Hunter,18.2,1/5 5 places
Wolverhampton 18:30,Twilight Charge,27.84,1/5 5 places
Wolverhampton 18:30,Frozen Patriot,35.25,1/5 5 places
Wolverhampton 18:30,Phantom Gale,6.38,1/5 5 places
Wolverhampton 18:30,Amber Glint,7.61,1/5 5 places
Wolverhampton 18:30,Rogue Horizon,15.01,1/5 5 places